place_id,review_id,review_rating,review_text,review_language_code,author_display_name,author_uri,review_publish_time
ChIJ2UM-XxozjoARmek2bQDes_8,places/ChIJ2UM-XxozjoARmek2bQDes_8/reviews/Ci9DQUlRQUNvZENodHljRjlvT2xOVVExSlZRMjlhTlRKT2EzSmlkVmQ2YTBwQlFtYxAB,5,"The staff are  friendly, helpful and kind to our pets. Dr. Dadwal is the best vet we had and he has been taking care of all our pets more than 20 years now. He is very knowledgeable, detail oriented, gives his honest opinion about our pets condition, friendly and kind. We cannot thank him enough for all he does for the family. Thank you Dr. Dadwal❣️",en,Tweety Belle,https://www.google.com/maps/contrib/106130960439766488546/reviews,2026-01-15T22:46:45.907686307Z
ChIJ2UM-XxozjoARmek2bQDes_8,places/ChIJ2UM-XxozjoARmek2bQDes_8/reviews/Ci9DQUlRQUNvZENodHljRjlvT2psM09YWkRlWGw1V1VacFkyaENNMDFtVlRnMU9VRRAB,5,My 6.5 year old Yorkie caught a cough so I took her to Curtner Pet Clinic and Hospital on a Saturday. The vet technician and receptionist gave me some tips to help with her symptoms until her appointment and made a same day appointment at the hospital. Dr Dadwal diagnose and the team took care of Truffle. I was not aware of kennel cough annual boosters and Dr Dadwal educated me on the different flus and possibility of kennel cough going around. She is on antibiotics and is already better after seeing the team. Will be scheduling her booster follow up with Curtner Pet Clinic once she’s done with her meds. I’ve been to other pet hospitals where they would tell me it’s nothing but the problem would persist or translate into a bigger issue. I’m very satisfied we received qualitative care.  We paid $120 for our visit which included exam and two types of meds which I believe is reasonable since it was her firs time at the hospital.,en,Heather Do,https://www.google.com/maps/contrib/102388256585484825703/reviews,2026-01-13T01:12:05.751056136Z
ChIJ2UM-XxozjoARmek2bQDes_8,places/ChIJ2UM-XxozjoARmek2bQDes_8/reviews/Ci9DQUlRQUNvZENodHljRjlvT2xJdE9VRlRXVFpXVEcxVGRYbzBjMUIyYzB4eVJHYxAB,1,"I brought my fully indoor cat here due to significant itching and scabbing under her chin and neck. At the initial visit with Dr. Bhinder, I specifically raised concern about possible flea exposure, as someone in our household regularly has contact with a dog that goes outdoors.

Despite this, no flea exam or flea preventative was discussed or provided. The exam was limited, and the diagnosis focused on a suspected allergic reaction with secondary infection.

Because my cat is anxious with vets, I had to schedule a second appointment and give her Gabapentin (sedative) before the appointment. The planned treatment was to clip and clean the scabs and administer antibiotics (Depo Medrol and Solovecin). At that appointment, the clinic had overbooked and there were no rooms or vet techs available to treat my cat. After being there for 1.5 hours, a vet assistant informed me they could not locate any scabs, the sedative wore off by the time they gave the antibiotics, and they failed to put a cone on her. After they returned my cat, I still felt the scabs under her chin and neck. I was sent home with just antiseptic wipes.

Over the next few days, her scabs worsened. I later found flea dirt on her underside, confirming flea exposure and explaining her symptoms. Fleas were never identified, ruled out, or treated during either visit, despite being raised as a concern from the beginning.

Watching my cat continue to suffer while the underlying cause of her condition went unaddressed was incredibly upsetting. I understand that anxious cats can make exams challenging, but I was disappointed that a common and treatable cause of itching was not addressed, especially given the cost and multiple visits. Based on my experience, I would encourage pet owners to seek a second opinion if their concerns persist.",en,Emily Truong,https://www.google.com/maps/contrib/100394008509919161597/reviews,2026-01-18T04:32:13.859402423Z
ChIJ2UM-XxozjoARmek2bQDes_8,places/ChIJ2UM-XxozjoARmek2bQDes_8/reviews/ChdDSUhNMG9nS0VJQ0FnSURiNXZMX3ZBRRAB,5,"The most wonderful people in the world. I have found Dr E and I will never go anywhere else. He and his staff are professional, kind, patient and compassionate. They have been there for me and my cat and dogs and went out of their way to be as thorough and accommodating as possible. I will always come here. I've had numerous vets over the years and these guys are the best.",en,Lisa Kunz,https://www.google.com/maps/contrib/115551297668028468149/reviews,2024-08-05T00:35:38.862477Z
ChIJ2UM-XxozjoARmek2bQDes_8,places/ChIJ2UM-XxozjoARmek2bQDes_8/reviews/Ci9DQUlRQUNvZENodHljRjlvT2twd2NYRnFSREZNVkRCS2JYQjFZbWRzWTFKSGMzYxAB,5,"It was my first time visiting this veterinary pet clinic.
All in all, I was very satisfied with the service provided.
I was able to express my concerns with my Kitty’s health with the doctor given that it was her first initial visit. I was educated on all the questions I had regarding any care or future flea medicine and when to estimate to schedule her spaying.",en,annette perez,https://www.google.com/maps/contrib/106384266019090101869/reviews,2025-10-27T19:12:12.511938399Z
ChIJD-kOLBPNj4ARswEtLD-EPwA,places/ChIJD-kOLBPNj4ARswEtLD-EPwA/reviews/ChZDSUhNMG9nS0VJQ0FnSUNsb3JPSUtBEAE,4,Our pets have been patients for a number of years. We love the attention they receive.  I have to give a shout out to Ali. He is so sweet and gentle with the pets and very knowledgeable. I appreciate that they don't push unnecessary products or treatments on you. Thank you to all the wonderful staff.,en,Firegloxe Crasher,https://www.google.com/maps/contrib/101549333140928945284/reviews,2025-09-02T16:35:46.330480408Z
ChIJD-kOLBPNj4ARswEtLD-EPwA,places/ChIJD-kOLBPNj4ARswEtLD-EPwA/reviews/Ci9DQUlRQUNvZENodHljRjlvT21NemRtUmxUMlJHVTAxNU1sbGljbVk0Y25kclIzYxAB,5,"Ali was great. He explained the treatment plan/options to me in detail to help me determine the best route for treating my dog. He was very friendly and made me feel comfortable asking questions. Most importantly, he made my dog feel comfortable. I have tried multiple hospitals in San Jose for routine to emergency visits and I always find myself coming back here.",en,noelle lara,https://www.google.com/maps/contrib/112364204433950872337/reviews,2025-09-26T03:28:42.022441327Z
ChIJD-kOLBPNj4ARswEtLD-EPwA,places/ChIJD-kOLBPNj4ARswEtLD-EPwA/reviews/ChdDSUhNMG9nS0VJQ0FnSURKXzVQNGxnRRAB,5,"Amazing and respectful service for myself and my Fur-babies!!

We have been coming to this establishment for over 7 years now and have has nothing but the upmost rewarding results from this staff!! Keep up the good work team Alum rock animal hospital!!",en,David Aldana,https://www.google.com/maps/contrib/106459032334112413124/reviews,2024-08-07T03:39:32.353432Z
ChIJD-kOLBPNj4ARswEtLD-EPwA,places/ChIJD-kOLBPNj4ARswEtLD-EPwA/reviews/Ci9DQUlRQUNvZENodHljRjlvT25KaVl5MVdkRXRoTVdsNFFVNDBYelZPY0ZsclQyYxAB,1,"Very disappointed, I went for a international health certificate and they gave me a paper without the certificate number required for the USDA, my poor pets after a flight of more than 17 hours waiting to be released had to get onto quarantine (which I had to pay more) just because the veterinary couldn’t give me a proper documentation with the certificate number giving by a certificate veterinarian. The answer? Tell the authorities of your country to give me a call…. So unprofessional 400 dollars per pet (x2) throw to the garbage. Lady as the desk was so rude. I normally don’t write bad reviews but this time I hope karma pays back or they get in order or just don’t issue documents you can’t support.",en,Stefania Orozco Córdoba,https://www.google.com/maps/contrib/109113144945518779441/reviews,2025-08-27T22:03:16.583372536Z
ChIJD-kOLBPNj4ARswEtLD-EPwA,places/ChIJD-kOLBPNj4ARswEtLD-EPwA/reviews/ChZDSUhNMG9nS0VJQ0FnSUNHak12VFFBEAE,5,"I helped my neighbors out by taking their pregnant dog there because she wasn't feeling so well.

I waited outside until they had a room ready (this was their Covid protocol.) When they were ready they called me and we went in.

I found the staff to be very warm and endearing. They took my doggie friend to the back, did an exam, and an xray.

I waited in the dog waiting room. She returned with my doggie friend and the verdict. She was expecting 5 pups and her symptoms were consistent with pregnancy.

The fee was pretty much what I thought it would be. We were on our way within 45 minutes.

I recommend this place for your animals needs.",en,K Piper,https://www.google.com/maps/contrib/102561682315397087280/reviews,2021-11-04T04:58:13.669060Z
ChIJSVu6mbrOj4AR8hFxdgcFCcQ,places/ChIJSVu6mbrOj4AR8hFxdgcFCcQ/reviews/Ci9DQUlRQUNvZENodHljRjlvT25kVFdqaHNRbGRqY0hkdVZGQlVXbEZMUW10M2VYYxAB,5,"I had a wonderful experience at this veterinary clinic. The doctor and staff were all so kind, caring, and professional. They took great care of my pet and made sure I understood everything that was going on. The doctor was very informative and patient, answering all of my questions. You can really tell they care about both the animals and their owners. Highly recommend!",en,L Franklin,https://www.google.com/maps/contrib/114239682598140225707/reviews,2025-10-07T15:39:32.889521957Z
ChIJSVu6mbrOj4AR8hFxdgcFCcQ,places/ChIJSVu6mbrOj4AR8hFxdgcFCcQ/reviews/ChZDSUhNMG9nS0VJQ0FnSURUM1ltOGFBEAE,5,"I am beyond impressed with the care and service provided by AVMC. From the moment we walked in, the staff made us feel welcome and at ease. The veterinarians, veterinary technicians and the whole team are incredibly knowledgeable, compassionate, and thorough in their examinations. They take the time to explain every detail and answer all of our questions, ensuring we understand the best course of action for our pet's health. The clinic is clean, well-organized, and equipped with the latest technology, which further instills confidence in their capabilities. Our dog receives the highest level of care here, and we always leave feeling reassured and grateful. AVMC truly sets the standard for veterinary excellence. I highly recommend
them to anyone seeking exceptional veterinary care for their furry family members.",en,Morkie dYorkie,https://www.google.com/maps/contrib/100814664835001258442/reviews,2024-05-26T23:17:17.790932Z
ChIJSVu6mbrOj4AR8hFxdgcFCcQ,places/ChIJSVu6mbrOj4AR8hFxdgcFCcQ/reviews/Ci9DQUlRQUNvZENodHljRjlvT25sMU5XNXVibGRtZW5NeFNXaFZUUzA0YnpCMGNrRRAB,1,"Took our dog to get spayed, and when we picked her up she was covered in her own throw up and poop. It was fully dried/caked on, and had obviously been sitting there for awhile. When we asked what's going on the vet told us ""oh that must've just happened, we've been checking on her frequently!"" Either she blatantly lied about checking on our dog, or they blatantly didn't care she was covered in her own filth when they *did* check on her. Not sure which is worse, but either way I left feeling angry and like we were just another dollar sign for them, they didn't actually care. Would not and have not gone back since, extremely unprofessional",en,Michael Schoen,https://www.google.com/maps/contrib/111366262860798109482/reviews,2025-09-04T03:03:32.073020395Z
ChIJSVu6mbrOj4AR8hFxdgcFCcQ,places/ChIJSVu6mbrOj4AR8hFxdgcFCcQ/reviews/Ci9DQUlRQUNvZENodHljRjlvT2xWSVRtdGtVVjl6YkdGaVZDMVBWRVpWZFhjNWNWRRAB,5,"We are so grateful for Advanced Veterinary Medical Center. They've been the most understanding vet I've come across. I don't think I'll ever trust anyone as much as I trust these guys! The TEAM is AAAAAAMMMMAAAZZINNNG. They were willing to work with several donation organizations (found on my own) to help pay for our dog's treatments. We got so many estimates and no one could beat AVMC prices. And that is not the best part, the TEAM is just incredible, I would call for any concern prior to the surgery and they were able to advise me on our concerns. I recommend this team 1000000% they truly care for your pets needs. Rocco and our family appreciate everything AVMC has done for our family.",en,Alondra Osornia,https://www.google.com/maps/contrib/103326409829578800953/reviews,2025-08-13T23:50:38.279357618Z
ChIJSVu6mbrOj4AR8hFxdgcFCcQ,places/ChIJSVu6mbrOj4AR8hFxdgcFCcQ/reviews/Ci9DQUlRQUNvZENodHljRjlvT25SbVlXVXlkSFF6Vlc1NE5teHJNVlkwWm5SQldXYxAB,5,Had a wonderful experience with the team over the years for my dog. They were extremely helpful with our relocation needs as well. Super grateful to the team and I’ll miss having them as our vet.,en,Edwin Koh,https://www.google.com/maps/contrib/104446195005776744048/reviews,2025-09-22T03:05:12.426235861Z
ChIJ5QMpOWC1j4ARVCKIiHMniII,places/ChIJ5QMpOWC1j4ARVCKIiHMniII/reviews/Ci9DQUlRQUNvZENodHljRjlvT2pkUVRHSjViVFJuUzNkWWVFcDNTeTAwYTFaTWVGRRAB,1,"A satisfaction rating of 3.7 raises concerns, and unfortunately my personal experience aligns with this.
An appointment costs $120 and is charged in advance to a credit card. Without an appointment, the fee increases to $200, a difference that was not reasonably explained.

During my visit, the veterinarian declined to treat my dog, stating that my behavior was inappropriate. For clarity, my questions were solely related to a treatment package I had already purchased, for which I paid over $900. These questions were reasonable, factual, and asked in a respectful manner.

To avoid any misunderstanding, I clearly stated my willingness to proceed with treatment and to pay an additional substantial amount if required. Despite this, treatment was not initiated.

In my view, refusing to provide care to an animal under these circumstances particularly when questions relate to billing or package terms is concerning and falls short of the professional standard one would expect from a veterinary clinic.

I would not recommend this practice",en,Furi,https://www.google.com/maps/contrib/104768618892686064806/reviews,2025-12-29T19:36:07.296602798Z
ChIJ5QMpOWC1j4ARVCKIiHMniII,places/ChIJ5QMpOWC1j4ARVCKIiHMniII/reviews/ChdDSUhNMG9nS0VJQ0FnTUNvcjk3cmhRRRAB,5,"We love South Bay Animal Hospital. Last year, we waited 4 hours at another ER to be seen, our female 2 year old Malinois had been attacked and had a 2.5” hole in her stomach. She was in so much pain so we left that ER and took her to South Bay Animal Hospital. We were seen immediately. she had to be sedated and stitched. This time, my other dog, a 1.5 year old male Malinois had complications to his gastroplexy, he popped a stitch. Again, We were seen immediately and they were able to sedate and re-stitch him up. My male malinois never lets anyone, vet or strangers, touch or pet him. He generally needs to be muzzled and sedated for vet visits. This visit, we didn’t have time to sedate him, only muzzle him, and surprisingly, Dr. Atwal was able to pet him! He’s the first vet that he allowed to pet him. You gotta think that they’re doing something right if my dog lets them pet him! Anyway, I always feel very comfortable going there for emergencies. I would probably go to them for regular vet visits if I didn’t live so far away. The entire team is wonderful and sensitive to dogs who have a lot of fear. But I’m of the mind that the safety of the vet, vet techs and staff, is paramount so I always muzzle and if I have time, sedate, my male malinois. So far, each time I’ve been here, I’ve been very happy with how my dogs are handled and cared for.  I always feel very confident in both the expertise of the entire team and their compassion.",en,Julie Starling,https://www.google.com/maps/contrib/109248091844237633042/reviews,2025-07-10T04:31:03.504695392Z
ChIJ5QMpOWC1j4ARVCKIiHMniII,places/ChIJ5QMpOWC1j4ARVCKIiHMniII/reviews/Ci9DQUlRQUNvZENodHljRjlvT2pWRWJEbFNjbnBNVEhGT00weDZNVkJpY0ZkM1UxRRAB,1,"Shamefully Greedy and Untrustworthy

I’m absolutely appalled by the greed and unethical practices of this pet hospital. When my cat was diagnosed with FIP, they charge us an outrageous $840 for medication that costs less than $290 when purchasing directly from the stokes pharmacy. When I questioned the price, they blatantly lied and claimed the cost would be the same if I went directly to the pharmacy. This is a COMPLETE LIE—the real price is much lower.

It’s clear that this hospital doesn’t care about your pet’s well-being—they only care about squeezing as much money out of you as possible during an emotional and stressful time. Instead of providing compassionate care, they’re focused on lining their pockets. If you value your pet and your finances, stay far away from these people. All they want is your money, not what’s best for your pet.

Disgusting and disgraceful.",en,Yirui Wang,https://www.google.com/maps/contrib/103579344680658921263/reviews,2026-01-02T03:01:19.444386720Z
ChIJ5QMpOWC1j4ARVCKIiHMniII,places/ChIJ5QMpOWC1j4ARVCKIiHMniII/reviews/Ci9DQUlRQUNvZENodHljRjlvT2toMlNFTnZZVWR4VDFocE1WRmZiRWMxVTJseGMzYxAB,1,"I am finally writing this review, six years after boarding our dog here, to report on his continued trauma from that terrible experience.

We boarded our dog at South Bay for a full week in October 2019 during a family emergency. When we arrived for after-hours pickup on 10/14/19, the staffer on duty couldn’t locate him. After several minutes we were allowed to look ourselves. We walked past rows of crates to a set of small rooms labeled “luxury suites.” A blanket covered one door. I pulled it down and found our dog Jax in the small white room with the lights off, feces and urine everywhere, slouched in the corner, shaking, with a very fearful posture. When I asked what happened, the staff member said Jax “wouldn’t come out of the room"" for his outdoor time.

Since this boarding experience, Jax has needed a muzzle and physical restraint for routine vet work—an abrupt change that began after this stay. Having worked in a dog boarding facility myself, often with over a hundred dogs at a time, the notion of leaving a dog in a room because he ""wouldn't come out"" is completely unacceptable. There is no conceivable scenario where that can occur, at least not for a trained pet care provider..

I regret not taking photos and escalating this experience to South Bay management way back in 2019. In that moment, my only priority was getting Jax home safely. I’m sharing our experience now so other pet owners can make informed decisions about where, and where not, to trust their pets for overnight boarding. Needless to say, we do not recommend boarding your pet at this facility.",en,Scott,https://www.google.com/maps/contrib/109209657322761958266/reviews,2025-10-30T19:45:47.742304598Z
ChIJ5QMpOWC1j4ARVCKIiHMniII,places/ChIJ5QMpOWC1j4ARVCKIiHMniII/reviews/Ci9DQUlRQUNvZENodHljRjlvT2xSMlZYWnZiWFZqZEVGbE9HdFVWRTFNVWxoaGFXYxAB,1,"If you don't do business with them, they report you.

I had a terrible experience with South Bay Emergency.

My dog was hit by a car and injured his back leg. I brought him to South Bay, where they quoted me $6,000 just for exams — including $500 just to shave the fur on his leg. They made it clear there was no room for negotiation and told me this was only the beginning; the actual surgery would cost even more.

I left and got second opinions from two other vets. Both gave significantly lower quotes and believed the injury was not a fracture. The X-rays showed the bone was fine, and my dog recovered fully in just a few days with basic medication — no surgery needed.

After my visit, South Bay called me multiple times asking for the names of the other clinics I went to. I chose not to share that information. Then, within a week, I received a call from the Silicon Valley Animal Control Authority saying South Bay had filed a complaint against me. Thankfully, the new vet’s records made it easy to get the complaint dismissed.

If you don't do business with them, they report you.

So now, I'm using my right to report their behavior to the public.",en,Rocky Zhu,https://www.google.com/maps/contrib/101285366073324629621/reviews,2025-09-13T05:14:25.335598405Z
ChIJixStJ6UvjoAR6QQr25lpVuY,places/ChIJixStJ6UvjoAR6QQr25lpVuY/reviews/Ci9DQUlRQUNvZENodHljRjlvT2xoRVpuWnFjbWxrZHkxd01HMVhOVlJtVEZsNlUxRRAB,5,"I had to go to this veterinary clinic as an emergency last Friday, and I was deeply impressed. I was seen very quickly, and my dog was taken care of immediately. She was even operated on the very same day, which greatly contributed to her recovery.
The team is incredibly warm and compassionate. The veterinarian who attended to us was not only extremely professional but also deeply attentive: she sat down on the floor to examine my dog, with a gentleness and closeness that truly moved me.
Everything was done the same day, efficiently and with impeccable professionalism.
Moreover, although the cost was significant, it was very reasonable considering the level of care provided: I actually paid less for the entire treatment than for a simple dental cleaning at my regular veterinarian.
I highly recommend this clinic",en,Séverine Quérel,https://www.google.com/maps/contrib/101277600266224404304/reviews,2025-11-24T19:36:46.961184239Z
ChIJixStJ6UvjoAR6QQr25lpVuY,places/ChIJixStJ6UvjoAR6QQr25lpVuY/reviews/Ci9DQUlRQUNvZENodHljRjlvT205TGIxTkNOVTFoVkVWTmIxUlVZa05TVldwNlRuYxAB,5,MedVet is so professional and kind. I brought my very scared dog in and they took their time to make him feel safe. They also gave great recommendations for a specialist’s to help my dog in the long term. Thank you!,en,Christie DeBlasio,https://www.google.com/maps/contrib/114266925335327436605/reviews,2025-12-28T18:43:51.617005428Z
ChIJixStJ6UvjoAR6QQr25lpVuY,places/ChIJixStJ6UvjoAR6QQr25lpVuY/reviews/Ci9DQUlRQUNvZENodHljRjlvT25KVVVFRkNTVmxxT1hoWFdVTnVPR2RZVDBoT1gyYxAB,5,"I brought my cat to MedVet for immediate care to treat vomiting and dehydration. The staff was gentle and caring, and he received attention, diagnostic testing, and treatment very quickly. He was discharged a few hours later and had done well since then.
I appreciate the care he received.",en,Joan Smith,https://www.google.com/maps/contrib/114053705671690506077/reviews,2025-09-12T21:59:47.790201472Z
ChIJixStJ6UvjoAR6QQr25lpVuY,places/ChIJixStJ6UvjoAR6QQr25lpVuY/reviews/Ci9DQUlRQUNvZENodHljRjlvT21sRk1tbGxVekpyYXpCNVgxSXdXR1puTkhob2EzYxAB,5,"My sweet girl Lexi needed to see a neurologist for her neck . So we came to med vet, Silicon Valley
Everyone from the front desk greeting us to the vet techs doing the triage to the doctor talking to me about the procedure. Everybody was wonderful. I felt so comfortable and that my little girl would be loved and cared for . They kept me updated with all her care before surgery and after .  I highly recommend this place 🤗",en,Dawn Spears,https://www.google.com/maps/contrib/103063722256228430754/reviews,2025-08-08T17:17:24.604829555Z
ChIJixStJ6UvjoAR6QQr25lpVuY,places/ChIJixStJ6UvjoAR6QQr25lpVuY/reviews/Ci9DQUlRQUNvZENodHljRjlvT2xkUU16QlhXa2xOVTNwSGJGaHBNRVUyTVROamFVRRAB,5,My first visit with MedVet was pleasant.  Everyone was nice and helpful.  Dr Aaron Rozental was very nice and answered my concerns about my dog.  Shiloh my doggy wants to thank you all at MedVet.,en,Abby Bufil,https://www.google.com/maps/contrib/112771376091063027881/reviews,2025-10-20T19:44:08.598881987Z
ChIJS0IeAmnNj4AReuWRj7LVJh8,places/ChIJS0IeAmnNj4AReuWRj7LVJh8/reviews/Ci9DQUlRQUNvZENodHljRjlvT25aTlgwWnhabUY0U2xkaVYyc3RZakV0VlhFMVYwRRAB,5,"Dr. Ming and the Staff were exceptional. Even through my circumstances are unique and my dog can be a handful at the vet, they really showed me today why they are best Vet in the bay area. I was recommended many times over by different individuals and now I can recommend them as well after my first visit today. Dr Ming went above and beyond for me during the visit. He showed up, really cared,  and gave me really good advice. I attempted to see a vet prior at another office and the Dr didnt even come into the room and give my dog a chance. Thank you all very much we will be back next time.",en,Patryk Julian,https://www.google.com/maps/contrib/109945121612753655979/reviews,2025-10-28T04:18:24.529775405Z
ChIJS0IeAmnNj4AReuWRj7LVJh8,places/ChIJS0IeAmnNj4AReuWRj7LVJh8/reviews/Ci9DQUlRQUNvZENodHljRjlvT2toRVdVVkpUa0kxTnpOT1luQjRlR1IxUmw4eWJXYxAB,5,amazing service. iana was really nice and kind. she totally explained everything to me. definitely will be back with my little dude,en,Nick Bontempo,https://www.google.com/maps/contrib/109470997539509427759/reviews,2025-11-16T04:06:08.428095991Z
ChIJS0IeAmnNj4AReuWRj7LVJh8,places/ChIJS0IeAmnNj4AReuWRj7LVJh8/reviews/Ci9DQUlRQUNvZENodHljRjlvT25BM1pVTlBjMHhEYTBsVWRYQmhURkJ4V0ROSFgwRRAB,5,"My dog Cinnamon has been coming here for 2 years and she has always received the best care. Over that time, she’s been seen by multiple doctors for different occasions, and every single one has treated her with kindness, patience, and professionalism. They take the time to explain everything clearly and make sure we feel comfortable with her care.

The staff is always welcoming and attentive, and it’s clear they truly care about the animals and their families. I’m so grateful to have found a place I can trust with Cinnamon’s health. Highly recommend to anyone looking for a vet who goes above and beyond!",en,Kelly Nieves Davila,https://www.google.com/maps/contrib/112423093051673105138/reviews,2025-08-29T01:29:19.853952820Z
ChIJS0IeAmnNj4AReuWRj7LVJh8,places/ChIJS0IeAmnNj4AReuWRj7LVJh8/reviews/Ci9DQUlRQUNvZENodHljRjlvT21KeWFuWkZWRk5VZW05V05sQjFiVzFuVFZGaVpsRRAB,5,"Was recommended this place by a close friend. I was very pleasantly surprised. They have been so friendly and so supportive of the care of our fur babies.

I’ve never felt super attached to a vet but will be doing what I can to keep this one.",en,Naomi McCormick,https://www.google.com/maps/contrib/118217357828319965346/reviews,2025-12-16T17:22:25.251427166Z
ChIJS0IeAmnNj4AReuWRj7LVJh8,places/ChIJS0IeAmnNj4AReuWRj7LVJh8/reviews/ChZDSUhNMG9nS0VJQ0FnTURvM0pfMkNREAE,5,"My cat Orbi recently got surgery here and they were so so kind to take me in last minute, help me call the dancing cat for help with funds and do the surgery for my cat. They truly care about their clients and provide so much helpful information that I as a first time cat owner REALLY appreciate and I feel better prepared for situations like this in the future. I feel like I found a vet that truly cares and they gained a loyal customer ",en,sarah algumae,https://www.google.com/maps/contrib/112637296829743019757/reviews,2025-04-22T21:18:57.073911Z
ChIJbZvcMlczjoARbSItW0oBqls,places/ChIJbZvcMlczjoARbSItW0oBqls/reviews/Ci9DQUlRQUNvZENodHljRjlvT2tSa1RsVXdZbEI0Y0ZVNU0xRk1lVzR4VjFoQlJWRRAB,5,"I’ve been bringing my golden retriever puppy to Willow Glen Pet Hospital since he was just 8 weeks old, and I couldn’t be happier with the care he’s received. From his routine check-ups and vaccines to an unexpected surgery for an intestinal blockage (thanks to something he ate!), the team has been nothing short of amazing.

They handled his surgery with incredible professionalism and compassion, and I always felt confident he was in the best hands. His recovery was smooth and quick, thanks to the thorough post-surgery care, medications, and follow-up guidance they provided.

The doctors and staff here genuinely care about their patients, and it shows in the way they treat both pets and their owners. I’m so grateful to have Willow Glen Pet Hospital looking after my pup — they’ve earned my full trust and highest recommendation.",en,K Kumar,https://www.google.com/maps/contrib/118407609575672805438/reviews,2025-09-30T02:42:45.233417106Z
ChIJbZvcMlczjoARbSItW0oBqls,places/ChIJbZvcMlczjoARbSItW0oBqls/reviews/ChdDSUhNMG9nS0VJQ0FnTUN3ajdyN2l3RRAB,5,"The people here are truly amazing. They are kind, friendly, and great at what they do. The accommodations they make for my dog Sirius when needed really make a difference, like squeezing him in when injured recently despite being slammed with appointments. Dr. Williford is amazing with animals (and owners), as are every other member of the team. My dog is my closest family member, and I completely trust them with his health. Take your pets here!",en,Harry Evans,https://www.google.com/maps/contrib/104920611671976967674/reviews,2025-03-22T01:09:43.981488Z
ChIJbZvcMlczjoARbSItW0oBqls,places/ChIJbZvcMlczjoARbSItW0oBqls/reviews/Ci9DQUlRQUNvZENodHljRjlvT21wSWJubGFOR1ozVkhNdFVISkZlbFZCWjFaa2VYYxAB,5,Great vet and vet techs.  They handle working line breeds with skill.  Very competent and knowledgable.  All of the staff I've ever dealt with have always been friendly and professional.  Highly recommend this vet!,en,Sue Swanson,https://www.google.com/maps/contrib/101252915105420648990/reviews,2025-09-27T15:16:46.905870846Z
ChIJbZvcMlczjoARbSItW0oBqls,places/ChIJbZvcMlczjoARbSItW0oBqls/reviews/Ci9DQUlRQUNvZENodHljRjlvT2tZM1NWQnBjMEpQVDFSclUzaGxNM0ZFYm13MmFVRRAB,5,My pup was somehow cut pretty badly on his ear. It was on a Saturday so I had little options for vets. WGPH was accommodating and willing/able to see him. He healed up and we went back to have staples removed which was quick and easy. Friendly staff also,en,Steve Papoulias,https://www.google.com/maps/contrib/112995760580325329002/reviews,2025-08-11T16:09:58.983044563Z
ChIJbZvcMlczjoARbSItW0oBqls,places/ChIJbZvcMlczjoARbSItW0oBqls/reviews/Ci9DQUlRQUNvZENodHljRjlvT2kxaE5sZ3hSVXRPV1VsbWRYSmZkVnBrZG13MFVIYxAB,5,This was the first time here. The staff is very nice and knowledgeable. The vet technician and veterinarian were very knowledgeable. They showed great concern for Buster's health and well being. I will continue to take Buster to Willow Glen Pet Hospital.,en,Jason Gary,https://www.google.com/maps/contrib/113376976550012734346/reviews,2025-09-04T20:44:58.253947091Z
ChIJc1NAW280joARHvdO3-U3C-4,places/ChIJc1NAW280joARHvdO3-U3C-4/reviews/Ci9DQUlRQUNvZENodHljRjlvT2tWQlpUTmlZelJhV1hocE5FeEJjME5uVGtKTVlsRRAB,5,"Fast response times and genuinely friendly, helpful staff. Christina and Xochitl assisted me recently and took the time to explain every invoice item in great detail, making sure I fully understood everything before I left.

Dr. Grewal, who has been examining my cats, is incredibly kind and thorough. He clearly explained all available options and helped me choose the best path for my cats’ recovery. Everyone at AMC made sure I never felt confused or rushed.

As others have mentioned, the care here is also very affordable—excellent staff providing high-quality care. I truly appreciate this team and highly recommend AMC.",en,Doris Liu,https://www.google.com/maps/contrib/107917065711878848329/reviews,2026-01-17T16:41:41.577404372Z
ChIJc1NAW280joARHvdO3-U3C-4,places/ChIJc1NAW280joARHvdO3-U3C-4/reviews/Ci9DQUlRQUNvZENodHljRjlvT2pWS2FYaEVSMlZLTkRZM2VuTmlhRTFsVGs5T2RIYxAB,5,"I highly recommend this place !! We have taken my dog to 4 different vets and never seen any improvement in her condition. Our dog was suffering from itching, bleeding, flaking, non stop for a few months. That was until I found this place online and hoped for the best. Thank god I took her there. The doctor here does an amazing job !! He explained everything that was going on with our pet and gave us a very detailed plan to help her problem. Our dog needed some shots and other products for her condition. The next day we saw improvement in her itching. It has been a proximately 1 month since we took her here and she is a complete different animal. She naps more comfortably, eats better, she’s happier, no longer itches all day long, her hair has grown back. We are truly grateful and satisfied with this place. Overall great staff, amazing customer service, will definitely help with any pets needs, and is completely affordable.",en,Perla Orenday Delgado,https://www.google.com/maps/contrib/100428989455084662780/reviews,2025-12-04T23:31:48.021645989Z
ChIJc1NAW280joARHvdO3-U3C-4,places/ChIJc1NAW280joARHvdO3-U3C-4/reviews/Ci9DQUlRQUNvZENodHljRjlvT2tGWWQycDVkVTlXU0dWUU1WSTBibmQyZG5vMmJFRRAB,5,"My brother brought his dog in here yesterday. She had a banged up arm from getting attacked by a cat. She had an X-ray to rule any broken bones, she needed antibiotics and some pain meds for her wound. Dr Grewal wanted to do a culture to identify the exact bacteria. My brother asked if doing so would be best rather than wait 10 days for the antibiotic cycle to finish, Dr Grewal  said yes. So we went with that. His dog has been home and this morning she woke up smiling and jumping on my brother. The bed side manner of the staff exceeds other vet offices in the area by far. From the front desk to the vet techs. Both gentlemen we’re very accommodating and helped. Give my brother peace of mind because they were very thoughtful and caring when handling his dog. I would recommend bringing your loved furry pets here. There is no hidden cost. They tell you what and why services are. Compared to other veterinarian offices this one by four has the best prices as well as two excellent veterinarians",en,frost408,https://www.google.com/maps/contrib/100600776931385113286/reviews,2025-11-10T00:41:45.790273632Z
ChIJc1NAW280joARHvdO3-U3C-4,places/ChIJc1NAW280joARHvdO3-U3C-4/reviews/Ci9DQUlRQUNvZENodHljRjlvT2xGdWRUbEpTRXR2VkVkd00wUXhjWHBGYUZGM2RHYxAB,5,"I had an amazing experience at Animal Medical Center when my dog Bruno got a foxtail stuck in his airway. The staff acted quickly and with so much care, keeping me calm while making sure Bruno was safe and comfortable. The veterinarians were professional, compassionate, and explained everything clearly. their quick action and care towards Bruno means a lot to me, I’m so grateful for their kindness and expertise. I highly recommend Animal Medical Center to anyone who loves their pets healthy and happy!",en,Keilen Mitchell,https://www.google.com/maps/contrib/104947064136679726429/reviews,2025-10-16T00:25:20.313053952Z
ChIJc1NAW280joARHvdO3-U3C-4,places/ChIJc1NAW280joARHvdO3-U3C-4/reviews/Ci9DQUlRQUNvZENodHljRjlvT2xsRGIyMHpNbGxqUlhkVWREYzFjV0YwVDNJM1RrRRAB,5,I took my little pup Loki to see Dr. Grewal and the experience was amazing. Loki wasn't acting like herself and wouldn't go up and down the stairs which is very unlike her. I explained the concerns we had with her and Dr. Grewal immediately told us we need x-rays and blood work done. Once the results came back he explained what was going and what to do next. I have never been to a clinic with such fast service and care for animals. Will definitely be coming back here and no where else! Thank you Dr. Grewal!,en,Ravroop Sandhu,https://www.google.com/maps/contrib/118405062001889978111/reviews,2025-12-09T21:06:24.184116253Z
ChIJ5SwgwGPMj4ARUQfU3t6VVwA,places/ChIJ5SwgwGPMj4ARUQfU3t6VVwA/reviews/Ci9DQUlRQUNvZENodHljRjlvT2tKNE1rTkpSM2w1WTJ0NlIzVnZaazVNVXpVeVpFRRAB,5,"Very nice place to recommend. I scheduled appointment for vaccination and examination for my cat. Their stuffs were super friendly and kind. Clinic space is very clean and comfort. They allowed us to get into the treatment room with my cat, which my previous clinic doesn't allow during the vaccination. I love that part. Dr. Stone is very professional and kind. The assistant gave us cat treats and catnip during the examination. I bet my cat had a super happy time during this vet visit. Recommend and will come back if any problem happen.",en,Sherry Yu,https://www.google.com/maps/contrib/101425983444448431780/reviews,2025-09-17T19:08:58.502469104Z
ChIJ5SwgwGPMj4ARUQfU3t6VVwA,places/ChIJ5SwgwGPMj4ARUQfU3t6VVwA/reviews/Ci9DQUlRQUNvZENodHljRjlvT21jMloxRXlXRjlSUVZReVFraEZaelZNWWw5UFRsRRAB,5,"Dr. Carlene Kempa, DVM,  is my service toy poodle, Inky's, veterinarian.  She is very, very gentle and sweet with my baby, as is the entire staff here at SJ Animal Hospital.

I had to have my Inky get her FAVN test (good for 3 yrs and takes up to 2 months to receive results back for) and health certificates as well as tick treatments for our trips to Hawaii and she did so well, as little as she is.

There are separate non-domestic certifications for International travel and country specific import health check requirements and documentation for travelling abroad.  DOT Forms must be presented separately at every airport check-in for every single flight, even connecting flights.

**A beautiful thing; the clinic allows people to post missing pet flyers on their wall, which is just great of them to do, though sad to look over.  If you find any wandering pets please either call or bring them into your local animal shelter for them to be reunited with their families.

Definitely would recommend this clinic to any pet parent.",en,Bo P,https://www.google.com/maps/contrib/117353471545551971909/reviews,2025-10-04T07:49:56.820265770Z
ChIJ5SwgwGPMj4ARUQfU3t6VVwA,places/ChIJ5SwgwGPMj4ARUQfU3t6VVwA/reviews/Ci9DQUlRQUNvZENodHljRjlvT214SlVtNUNURjlKUmxoWmVsWlJURVJRYWxsdFVWRRAB,5,I have the best experience coming to this vet office. Dr. Stone been there through 2 of my animals. Dr. Stone and his assistant Carolina are amazing and attentive. They are very patient and gentle with my senior dog Jabba. Dr. Stone always opens the space to discuss any concerns or even just swap a few great stories. We never feel rushed out of the office. Coming to our vet visit feels more like an experience rather than an obligation. I will absolutely be coming to Dr. Stone for the remainder of my pets life. And Jabba is going to live as long as I do 😉,en,Veronica Donohue,https://www.google.com/maps/contrib/111307682507184209658/reviews,2025-08-24T20:13:01.368648784Z
ChIJ5SwgwGPMj4ARUQfU3t6VVwA,places/ChIJ5SwgwGPMj4ARUQfU3t6VVwA/reviews/Ci9DQUlRQUNvZENodHljRjlvT2tsRVJFRlVPSGhtU1ZKR2FHUkdVbWRCUVRjeldHYxAB,5,"I'm very happy with SJ Animal Hspital.  After adopting a pet cat, I brought my pet to SJ Animal Hospital for an initial check-up, and we returned a year later for his annual check-up and vaccination.  It was very easy to make and appointment.  Both visits went well.  All of the staff was friendly and my pet received the care and attention he needed.  I will definitely use this place for future visits.",en,M T,https://www.google.com/maps/contrib/105232679378543348772/reviews,2025-09-17T14:20:23.004142541Z
ChIJ5SwgwGPMj4ARUQfU3t6VVwA,places/ChIJ5SwgwGPMj4ARUQfU3t6VVwA/reviews/Ci9DQUlRQUNvZENodHljRjlvT2xCclgxVjBjVkZVVjJoT2VsSTRSVloyWkRoYVRFRRAB,5,"I can't recommend San Jose Animal Hospital enough. Dr. Stone is incredible. He always makes me feel heard and ensures my concerns are addressed. I'm truly happy with the care both of my dogs receive here. The staff are all welcoming, kind, and the facility is consistently clean and well-maintained. The pricing is very reasonable, especially with the THRIVE plus option, which has saved me a lot of money.

Just this morning, I noticed a pus-filled growth on my dog's foot. I called and they got me in for an appointment an hour later. They quickly addressed my concerns and got my pup feeling better in no time. Those pesky foxtails! I have so many positive things to say about this vet. If you're considering it, do not hesitate—it's worth it!",en,Mariah W.,https://www.google.com/maps/contrib/117004631872547018036/reviews,2025-09-18T02:17:33.017122642Z
ChIJdTwHeLjNj4ARlXcSBg7dXSM,places/ChIJdTwHeLjNj4ARlXcSBg7dXSM/reviews/Ci9DQUlRQUNvZENodHljRjlvT25CVWRsZENNR1J4YjNSQk9HUnhWMWwwWkhCaWJYYxAB,5,"Cannot recommend these folks enough. They will get you in fast, they won't waste your time, and the prices are better than anywhere else around. The technician Meera was uniquely attentive, kind, understanding, and made sure to get a holistic view of the issue we were having with our domestic shorthair. No treatments or medications were forcefully pushed on us or shamed on us and we were given multiple treatment options. We will return here for future vet visits!",en,Khadijah Khokhar,https://www.google.com/maps/contrib/116751002823691087274/reviews,2025-11-30T23:25:54.303060075Z
ChIJdTwHeLjNj4ARlXcSBg7dXSM,places/ChIJdTwHeLjNj4ARlXcSBg7dXSM/reviews/ChdDSUhNMG9nS0VJQ0FnTUNvb2NUdmd3RRAB,5,I cannot say enough about the kind and compassionate care that my dogs receive here. We have been going here for at least 15 years and yesterday had to put our dog down. From puppyhood to old age he received amazing care from both doctors. It was very hard for us but the staff allowed us all the time we needed. All of the ladies in their office are also very kind and compassionate and helpful. We are so grateful to have this high-quality veterinary care right in our neighborhood.,en,Dori,https://www.google.com/maps/contrib/117180936427377932054/reviews,2025-04-17T14:40:04.360970Z
ChIJdTwHeLjNj4ARlXcSBg7dXSM,places/ChIJdTwHeLjNj4ARlXcSBg7dXSM/reviews/Ci9DQUlRQUNvZENodHljRjlvT2xwWE9IQlJZV05FYkVwa1praDVkMDQxYzBKZmJWRRAB,5,"I am very grateful to this clinic for the excellent care they provided for my cat. She was diagnosed with pyometra and urgently needed to be spayed, which was a very stressful situation for both of us. The entire staff was supportive, attentive, and reassuring throughout the process. They explained everything clearly and made sure my cat received the best care possible. I especially want to recognize the vet tech, Kirra, whose kindness and professionalism stood out. She was patient, compassionate, and truly helped ease a very difficult time. I highly recommend this clinic for anyone seeking dedicated and caring veterinary care.",en,Oscar Duarte,https://www.google.com/maps/contrib/116008860137431822846/reviews,2025-08-31T04:09:54.507759405Z
ChIJdTwHeLjNj4ARlXcSBg7dXSM,places/ChIJdTwHeLjNj4ARlXcSBg7dXSM/reviews/Ci9DQUlRQUNvZENodHljRjlvT2pCWlZtTmZlVlpyYjNCMGEwWlRVbGxMTUd4cFMzYxAB,5,"Wonderful staff, the doctor was great. I highly recommend them! I took my senior dog, and Sasha had a pleasant experience. She wasn’t shaking like she normally would. She was very calm. They don’t over charge for everything. And they didn’t try to make me do anything else other than what I came for. I appreciate that.",en,Sunshine Rose,https://www.google.com/maps/contrib/112075947397400035698/reviews,2025-06-22T20:59:03.884107095Z
ChIJdTwHeLjNj4ARlXcSBg7dXSM,places/ChIJdTwHeLjNj4ARlXcSBg7dXSM/reviews/Ci9DQUlRQUNvZENodHljRjlvT2xsdVZtazRPVFV5TmpCdFdEVmFMVGN3TVdGR1QwRRAB,1,"It’s incredibly disappointing to have to write this review.  After almost 17 years of being a loyal customer, in my hour of need I was told they were too busy and couldn’t fit us in.  It was an emergency!  my senior pet was having a seizure and they had no room for us?  or for that matter didn’t give us any alternatives for emergency care?  I had to find my own and in the interim my pet suffered another seizure. The receptionists words were “so sorry but it’s near closing time and we don’t have any openings.”. it’s an emergency for crying out loud!
Unforgivable!!!!  My pet passed away because of the wasted time.",en,Isabel Rego,https://www.google.com/maps/contrib/107991124169655451849/reviews,2025-07-16T22:57:59.801191863Z
ChIJW-0KlBw1joAR9cM5KfopEzM,places/ChIJW-0KlBw1joAR9cM5KfopEzM/reviews/Ci9DQUlRQUNvZENodHljRjlvT21GcmVERjVVelZ6UkZGdVgxUmFZVXRSUjFkU2NtYxAB,5,"For an emergency vet they are absolutely wonderful. Very caring and they keep you up to date on your pets progress. Unfortunately or pet didn’t make it after surgery. The staff is caring and understanding of your grief and works with you to say goodbye to your pet.
The only change I would ask is that they would offer a ceramic paw print and a nose print for your deceased pet. Digital paw prints are just not enough. 💔 I really can’t say enough about the staff, from the front receptionist all the way to the surgeon to the vet techs, everyone is fantastic.
Thank you Sage for making our family member as comfortable as you could!
RIP Bristol @wg_bristol My little muppet
#komondor",en,Jeff Stitt,https://www.google.com/maps/contrib/105230834454734239003/reviews,2026-01-05T16:16:30.819228164Z
ChIJW-0KlBw1joAR9cM5KfopEzM,places/ChIJW-0KlBw1joAR9cM5KfopEzM/reviews/Ci9DQUlRQUNvZENodHljRjlvT25OaFVEbHNNVmRSZDNaU1UwaEpjVGx5VEVOaFJHYxAB,5,"Our doggo, Chewy, has been treated at Sage Campbell for a potential heart issue - chronic cough about a year and a half ago as well as a TPLO knee surgery in September and a second TPLO about a week ago.
We found Sage via referral by our vet. We are so grateful. General vets are great- and- they often don’t know what they are dealing with for serious injuries and illnesses. Sage has a variety of in house specialists that can assess and quickly find the exact issue and the right course of treatment.
Case in point- our 100# plus dog was lame in his rear end- wouldn’t walk. Vet thought spine after doing X-rays and referred to Sage- thank goodness- who after thorough neurology exam, determined not spinal or neurological- and referred to in house orthopedic. Turns out severed acls on both knees - and upon surgery- torn miniscus. Saved us a lot of money, multiple visits.
Now Chewy is on the road to full healing. With this second knee he is so much perkier than with the first surgery- likely due to his other knee is no longer in pain. We are so happy with only a week out.
Also the staff is professional, caring, explain everything. And- they love our dog, treat him with care and treat us with kindness and respect. We are able to call back in and ask questions or email for assistance.
Thank you Dr. Sheue, Shianne and the surgery staff! I am sorry that I likely misspelled your names.",en,Mary Bergman,https://www.google.com/maps/contrib/107339623426788249801/reviews,2025-11-08T15:39:26.510319973Z
ChIJW-0KlBw1joAR9cM5KfopEzM,places/ChIJW-0KlBw1joAR9cM5KfopEzM/reviews/Ci9DQUlRQUNvZENodHljRjlvT2s5dFNWWlNRbkJwWlRkZlRtZHVNRGRHVUVoUGJIYxAB,5,"I visited SAGE in Campbell to diagnose my cat's liver problem.  The (non-invasive) ultrasound was something my two local vets could not do.  The doctor gave an informative discussion about the results, which narrowed it down to a few drugs, and surgical option, that I could try.  It is worth while to see what modern medicine can contribute.",en,Larry S,https://www.google.com/maps/contrib/117186651989973235486/reviews,2026-01-11T15:48:26.634978627Z
ChIJW-0KlBw1joAR9cM5KfopEzM,places/ChIJW-0KlBw1joAR9cM5KfopEzM/reviews/Ci9DQUlRQUNvZENodHljRjlvT2w5YVRFVnhPVzVrUkRKeVNuSllNVTVPUzJsVVIzYxAB,5,"My 13.5-year-old dog, Tiki, was recently diagnosed with a heart condition and ascites. We scheduled a cardiology and internal medicine consultation at SAGE. On November 4th, Tiki was examined by cardiologist Dr. Jason Arndt, who took the time to explain in detail exactly what was going on with Tiki’s heart. He determined that Tiki’s symptoms were all caused by his cardiac issue and that an internal medicine visit was unnecessary — and he was absolutely right.

Dr. Arndt prescribed a treatment plan for Tiki, and nurse Jennifer carefully explained how to administer each medication. What impressed me so much was that out of the four medications, we only needed to pay for one — the other three were provided at no cost. They truly think from the patient’s best interest.

Before getting sick, Tiki loved jumping onto the bed. But one day he failed to jump up and fell, and after that he stopped trying. I thought maybe he would never be able to jump again in his life…
But after this visit and starting the medication, just a few days later, he jumped up onto the bed again! His abdomen, which used to look distended and feel firm, is now noticeably softer and less swollen. His energy is clearly better too.

Dr. Arndt is not only highly professional, but also exceptionally honest and caring. He proactively suggested canceling the internal medicine appointment to save us unnecessary expenses — and his judgment has proven completely correct. Tiki’s improvement in such a short time has given us so much relief and hope.

I am deeply grateful to Dr. Arndt and nurse Jennifer, as well as everyone at SAGE who has helped Tiki. Their medical skills and integrity are truly trustworthy. Thank you so much for taking such wonderful care of him!",en,xiaoqing Liu,https://www.google.com/maps/contrib/116585436400851527377/reviews,2025-11-06T18:35:42.757004929Z
ChIJW-0KlBw1joAR9cM5KfopEzM,places/ChIJW-0KlBw1joAR9cM5KfopEzM/reviews/Ci9DQUlRQUNvZENodHljRjlvT21WdVRuaHhhMHhQVDFORE16ZERPR1ZPVFhWbFFtYxAB,5,"My experience with SAGE has been outstanding. My dog underwent a major surgery recently and they treated her with such wonderful care. We went from getting bad news on scans on a Tuesday, to having surgery the following week. All of the team members I’ve met so far have been kind and compassionate professionals, and very accommodating to us traveling from 6 hours away. I chose SAGE over UC Davis due to prompt response and scheduling, I made the right choice!",en,Heather Flores,https://www.google.com/maps/contrib/107227800969750827511/reviews,2025-12-19T19:20:09.986650739Z
ChIJM5PVFNbIj4ARV7VPwRtOIRU,places/ChIJM5PVFNbIj4ARV7VPwRtOIRU/reviews/Ci9DQUlRQUNvZENodHljRjlvT2poNFJVeDNZVmROVUVodVJFMU9ObVZzY1hScmJGRRAB,5,"A truly outstanding vet! I brought my first dog as a new puppy over 10 years ago, and they took good care of him until he passed from cancer. When I adopted a new puppy this month, even though I've moved a bit further away, I decided to continue with Tama Vet because they've always been very professional and caring. I find their prices to be reasonable and fair.",en,David Chang,https://www.google.com/maps/contrib/107260234996038373789/reviews,2025-12-29T23:19:21.428057108Z
ChIJM5PVFNbIj4ARV7VPwRtOIRU,places/ChIJM5PVFNbIj4ARV7VPwRtOIRU/reviews/Ci9DQUlRQUNvZENodHljRjlvT25oZlNtTllTV05OUVdGZlJEVlpZbU0yVmxOQ1NFRRAB,5,"For more than 10 years, our dog, Coco, was under the care of Tama Veterinary, and I cannot express enough how grateful we are for their unwavering support. No matter the issue, no matter the time of day, they were always there—with patience, compassion, and genuine love for our furry family member.

Yesterday, we faced the most difficult moment of all as we said goodbye to Coco and helped him take his final afternoon nap. Even then, Tama stood by our side until his very last breath. They created a peaceful, gentle space for him, with a candle lit, soft touches, goodbye kisses, and every small detail prepared with such intention and love.

They treated Coco not just as a pet, but as someone who mattered deeply. And in our darkest moment, they cared for us just as tenderly.

Thank you, Tama, for walking with us through every stage of Coco’s life. You gave him comfort. You gave us strength. And you will always be part of Coco’s story.",en,Mahshid Toofan,https://www.google.com/maps/contrib/107486397169413888377/reviews,2025-12-02T00:44:02.727747342Z
ChIJM5PVFNbIj4ARV7VPwRtOIRU,places/ChIJM5PVFNbIj4ARV7VPwRtOIRU/reviews/ChdDSUhNMG9nS0VJQ0FnTUR3NC1yd2xBRRAB,5,"Dr. Tamm saved my Cane Corso life today! It was last minute and him and is wonderful staff got me in for Pyometra surgery and worked with me as it was very costly $ . She more then likely would have been put down if the procedure was not done with in 24-48hrs. DR.Tamm is awesome along with his STAFF that was extremely accommodating to Kiki and myself!!

I would recommend this vet too anyone that is in need of a timely professional procedure !!

THANK YOU 🙏 FROM KIKI!",en,Alex Gutierrez,https://www.google.com/maps/contrib/111330754801665846869/reviews,2025-03-28T01:27:26.907046Z
ChIJM5PVFNbIj4ARV7VPwRtOIRU,places/ChIJM5PVFNbIj4ARV7VPwRtOIRU/reviews/Ci9DQUlRQUNvZENodHljRjlvT25GdlgxcE1OR3d3YUdKUWRWbFRRMlpyZDNNM2ExRRAB,5,"Dr Hoehn and all the staff at Tama Vet hospital have been vital in saving my dog, Lily’s life more times than we can count. I would recommend Tama vet to anyone who is looking for the highest quality care for their furry family members.",en,Simone Silver,https://www.google.com/maps/contrib/107542456675900451132/reviews,2025-12-17T19:03:17.507769520Z
ChIJM5PVFNbIj4ARV7VPwRtOIRU,places/ChIJM5PVFNbIj4ARV7VPwRtOIRU/reviews/Ci9DQUlRQUNvZENodHljRjlvT204dGQyeE5TblIxUkZZeVNIWk5jbEo2WVhCcVMwRRAB,5,The best and most caring doctors and receptionists. Tama vet saved my dog’s life twice - even finding care for him when he had a medical emergency while we were traveling out of state. Thank you to everyone at Tama Vet! 🐾,en,Daniela Azanza,https://www.google.com/maps/contrib/110192510502459445649/reviews,2025-10-03T20:21:40.611826272Z
ChIJv4scBDDNj4ARIS2XAiUuOVY,places/ChIJv4scBDDNj4ARIS2XAiUuOVY/reviews/Ci9DQUlRQUNvZENodHljRjlvT2s1cVUyWklRbmhvTlVnd1dURnpiM0p3YkdacmIxRRAB,4,Great Staff and service! They do well to make you feel included most of the time and understand where we are coming from for the most part. I know animal health can be tricky because it is hard to get out subjective signs but they do their best in making sure our pets are healthy. Love their holiday spirit too!,en,Nathan Tran,https://www.google.com/maps/contrib/105423701810297160534/reviews,2025-11-04T19:32:16.566976702Z
ChIJv4scBDDNj4ARIS2XAiUuOVY,places/ChIJv4scBDDNj4ARIS2XAiUuOVY/reviews/Ci9DQUlRQUNvZENodHljRjlvT2s4dE5WaEtWMlF4VUhWMlN5MW1hRWRWVUdKQ05WRRAB,5,"An easy, thorough, and fast experience!

I had a sudden notice appointment on October 8, 2025. I brought in my Maltese to have a new growth  evaluated while getting his anal glands expressed. Nancy and Melissa are incredible in being able to see me in a timely manner while addressing all possible concerns. Lab sample collection and paperwork were done on the spot!",en,Philip Le,https://www.google.com/maps/contrib/103834058699587850985/reviews,2025-10-13T00:13:37.715773251Z
ChIJv4scBDDNj4ARIS2XAiUuOVY,places/ChIJv4scBDDNj4ARIS2XAiUuOVY/reviews/Ci9DQUlRQUNvZENodHljRjlvT2xZd1VTMHpTRW8yYVZkSFNGcFhYMlptY2tkNFMzYxAB,1,"After finishing all the med they gave me, my cat’s symptoms got a lot better but not completely gone yet. I asked for a refill on the med. They refused and insisted I have to bring him back for a recheck before giving me more meds. But then they were also fully booked for the whole week after. Then my cat’s symptoms got a lot worse, worse than the first time. He would’ve been fine if they had just given me the refill. But instead they want to rip me off and earn more $$. They value $ over my cat’s health. I’d give zero star if I could. Never going back again 🤬🤬🤬🤬🤬",en,Virginia Tsoi,https://www.google.com/maps/contrib/111619388401508967365/reviews,2025-10-28T06:28:21.817786568Z
ChIJv4scBDDNj4ARIS2XAiUuOVY,places/ChIJv4scBDDNj4ARIS2XAiUuOVY/reviews/Ci9DQUlRQUNvZENodHljRjlvT2tFM1REUjNYMnBXTWkxSldrbHFaVU5HU2xobmMxRRAB,1,"Not recommended be aware.

I’ve been taking my cat Anubis to Uni Pet for a while, and our experiences were good until our most recent visit. My cat has cancer and many tumors, so he can be sensitive if touched in painful areas. During the visit, he bit a technician, and we were asked to wait in the room until he calmed down. We weren’t given clear information about what would happen next or that the incident would be reported to Animal Control. Later, we were contacted by a sheriff, which was upsetting because no one at the clinic explained this process to us.

I also sent an email to the clinic afterward, but I never received any reply or apology. Because of how this situation was handled, I decided to end all business with this clinic. I hope they improve their communication and compassion with clients, especially those dealing with sick or special-needs pets.",en,Teresa Torres,https://www.google.com/maps/contrib/101190443955474579420/reviews,2025-10-18T22:28:03.909531225Z
ChIJv4scBDDNj4ARIS2XAiUuOVY,places/ChIJv4scBDDNj4ARIS2XAiUuOVY/reviews/Ci9DQUlRQUNvZENodHljRjlvT20xalowRk5VV1UzVjI5NVVYUlZaVXhJVTI5cmRtYxAB,5,Got my mom a puppy. Affordable vaccines package and a lot information on puppy care at home. Very attentive to their clients. Recently she brought her in for an issue they were very informalled and helpful.,en,Lupita Rodriguez,https://www.google.com/maps/contrib/113227023016494814254/reviews,2025-09-09T18:11:53.151430973Z
ChIJ140D40jLj4ARoK5V9996ntc,places/ChIJ140D40jLj4ARoK5V9996ntc/reviews/Ci9DQUlRQUNvZENodHljRjlvT2tsWGFHcHdURGRGV0c1cmJHWm9WR05qUlRadFgzYxAB,5,"On Thanksgiving evening my family took our mini poodle to ARCHVET because she had a seizure. Luz, the receptionist was very kind & compassionate. Alberto, the vet tech was very understanding and showed compassion to my family and I during this difficult time.  The vet Ms. Kong, not if I spelling her name correctly.  She was very professional, examined our fur baby and made her assessment which in most part we took because we wanted her home with us. We knew our fur baby was in her last stage of life and all of the ARCHVET staff understood our concerns.  My family and I were blessed that they we opened on Thanksgiving. The staff showed professionalism,  compassion,  understanding and support to my family.",en,Linda Covarrubias,https://www.google.com/maps/contrib/101977848364068702751/reviews,2025-12-09T17:36:02.056088625Z
ChIJ140D40jLj4ARoK5V9996ntc,places/ChIJ140D40jLj4ARoK5V9996ntc/reviews/Ci9DQUlRQUNvZENodHljRjlvT21sUk5sWmFUV1ZOUVZWMlIwbGhVa0k0TVdWeFZYYxAB,1,"The vet tech and receptionist were very sweet. However, we did not have a great experience with the vet. We brought our dog in April because at the time we thought she had injured her left paw. The vet was wanting to take a whole bunch of x-rays but I didn’t think it was necessary so they gave us a muscle relaxer and we went home. Once we got home I discovered her left leg started to go out and left eye began to droop. We immediately went back feeling so guilty we didn’t get the x-rays and they took a series but said there was no significant findings. I am no stranger to a stroke since I work in the medical field so I kept asking the vet if she thought it could be that. The vet kept insisting it was not a stroke and just a soft tissue injury and that she would be up and walking in a few days. The vet kept saying a lot without saying anything if that makes sense. But she insisted whatever it was it was not a stroke. Our dog did have a slight fever so they wanted to keep her until midnight to control that for $8,000. We said no because I know she is anxious at the vet to begin with and she wouldn’t be comfortable there, plus by the time we finished checking out the fever had already dropped. But mind you our dog has lost complete function of her left side by now. I knew indeed it was a stroke so we scheduled an appointment with Sage and immediately their vet said it was most likely a stroke or IVDD. After an MRI it confirmed that she suffered a spinal stroke. My problem is that Arch Vet said it was not a stroke and sure maybe they wouldn’t diagnose without an MRI. But they didn’t even suggest that, so encourage us to explore that avenue with a specialist. She was so adamant that it was soft tissue and she would be up and walking in days. It was such a frustrating experience and waste of time and money. Very disappointed",en,GinaMarie Cleveland,https://www.google.com/maps/contrib/113325461591734710045/reviews,2026-01-03T20:08:14.972917522Z
ChIJ140D40jLj4ARoK5V9996ntc,places/ChIJ140D40jLj4ARoK5V9996ntc/reviews/ChdDSUhNMG9nS0VJQ0FnTURBcTRpbXJBRRAB,5,"It's nice having a kind, caring veterinarian in the neighborhood. The facilities are beautiful, and the location is convenient at the northeast corner of Pruneridge and Winchester. They are not quite open 24 hours, but they are pretty close. The prices are a bit higher than average, but I don't skimp on pet care.",en,Alan Zoller,https://www.google.com/maps/contrib/107314853739530183600/reviews,2025-04-22T00:45:04.604529Z
ChIJ140D40jLj4ARoK5V9996ntc,places/ChIJ140D40jLj4ARoK5V9996ntc/reviews/Ci9DQUlRQUNvZENodHljRjlvT2s1dGNsRmhSVmN6UlRFdGFuUnBaek5DYWpCd2NVRRAB,5,Our daughter was watching Daisy when she got sick.  She was able to get an appt the same day and our daughter said the staff was very thorough and spent time with her explaining diagnosis and treatment.  Staff was very nice and facility was very clean.  Thank you for taking great care of Daisy.,en,rebecca Hunt,https://www.google.com/maps/contrib/114298614761047634344/reviews,2025-06-26T23:18:39.116268426Z
ChIJ140D40jLj4ARoK5V9996ntc,places/ChIJ140D40jLj4ARoK5V9996ntc/reviews/Ci9DQUlRQUNvZENodHljRjlvT25ST1VHcFZXR2xCY1dWNU9WOXlWeTFEWkRsaVlsRRAB,5,"Everyone was super accommodating and they saw our cat as soon as possible. The receptionist, technician, and the vet were all very helpful and answered all our questions. I would definitely trust them to take care of my cat again in the future!",en,Suzie Lee,https://www.google.com/maps/contrib/103116299929041001651/reviews,2025-11-21T03:43:17.271553709Z
ChIJE7MCytUzjoARyo5Jv_UEmeE,places/ChIJE7MCytUzjoARyo5Jv_UEmeE/reviews/Ci9DQUlRQUNvZENodHljRjlvT2tKdmJYRk5TWG95TUVGT09VSkhUWE5FWmpjM00yYxAB,5,"Oakridge vet staff have been a huge help with our new kitten. They are very quick to respond to my texts and the staff are very knowledgeable. We also appreciate that they offer care for exotic pets like our ball python. They even make sure that he has a heating mat when he visits. Thank you, Oakridge Vet Clinic!",en,Natalie Clark,https://www.google.com/maps/contrib/100023228200083521142/reviews,2025-08-05T01:49:24.662661443Z
ChIJE7MCytUzjoARyo5Jv_UEmeE,places/ChIJE7MCytUzjoARyo5Jv_UEmeE/reviews/Ci9DQUlRQUNvZENodHljRjlvT2tKcWVIRjJSMUJPU1VsM1FVdHphbEZCWWpJM01YYxAB,5,"Incredible team here! The updates via text were above and beyond! Rare to find this kind of customer service these days. The team really cares for animals and it really shows with the open communication and the way they treated my cats. I knew my kitties were in good hands! Dr. Boyd is always honest, sets expectations well and always walks me through my options in a kind way. Couldn't ask for a better Vet!",en,Jessica Swenson,https://www.google.com/maps/contrib/108099884444079891722/reviews,2025-12-13T18:29:37.611128895Z
ChIJE7MCytUzjoARyo5Jv_UEmeE,places/ChIJE7MCytUzjoARyo5Jv_UEmeE/reviews/Ci9DQUlRQUNvZENodHljRjlvT2t3d1gzSTVlVlphWVV4ZlpVeHFaM05yZGtNM1pYYxAB,5,"The team at Oakridge Veterinary Clinic took amazing care of my rabbit. They were gentle, attentive, and explained everything clearly. I really appreciated how kind and professional everyone was , my rabbit felt calm and well looked after. Highly recommend!",en,murat Kucuk,https://www.google.com/maps/contrib/107159938796638724677/reviews,2025-10-25T22:15:57.903808437Z
ChIJE7MCytUzjoARyo5Jv_UEmeE,places/ChIJE7MCytUzjoARyo5Jv_UEmeE/reviews/Ci9DQUlRQUNvZENodHljRjlvT2xOM1VYa3RNUzF1TVVwWGJHTlZkVTA1Tms1dVJsRRAB,5,"The doctors are amazing and very knowledgeablel especially Dr. Munos.. They treat your furry, baby.
With love and kindness. The staff are so gracious and wonderful. I wouldn't take my furry baby anywhere else, but here. Thank you for all the loving care.You give to my baby tessie.",en,Marion Larrick,https://www.google.com/maps/contrib/100056545095881687622/reviews,2025-11-04T00:56:50.814414791Z
ChIJE7MCytUzjoARyo5Jv_UEmeE,places/ChIJE7MCytUzjoARyo5Jv_UEmeE/reviews/ChdDSUhNMG9nS0VJQ0FnTUNBcHV2bXZBRRAB,5,We came to y'all during a very scary time in our lives. Snickers is not just my companion he's my psychiatric service dog and I thought he was dying. The compassion and expertise given to us from EVERY staff member was superb! Thank you is just not a big enough expression of how grateful I am for your entire staff.,en,Krenn Family,https://www.google.com/maps/contrib/105019297828151960522/reviews,2025-01-31T12:21:38.584700Z
ChIJj_m85hi1j4ARJ5soqyf-_KA,places/ChIJj_m85hi1j4ARJ5soqyf-_KA/reviews/Ci9DQUlRQUNvZENodHljRjlvT2tWYVRuaGZVRUZYZUcxT2RqUkxiVnBMVUhseGJGRRAB,5,"The team at West Valley Pet Clinic went above and beyond taking care of our puppy Phoebe. Drs. Kane and Nesset both handled her, and all of the vet techs and receptionists were so kind. We reached out many times with new puppy owner questions and they were always happy to help via phone, email, or appointment. Even now after we have moved out of the country they were so supportive in making sure Phoebe had everything she needed, and answering our questions remotely as we got our new vet set up. Thank you!",en,Carissa von Schulmann,https://www.google.com/maps/contrib/107254745894051471823/reviews,2025-11-16T01:34:30.536699760Z
ChIJj_m85hi1j4ARJ5soqyf-_KA,places/ChIJj_m85hi1j4ARJ5soqyf-_KA/reviews/ChdDSUhNMG9nS0VJQ0FnSUN2cFlHeHdBRRAB,5,"I’ve been taking my dog, Willow, to West Valley Pet Clinic since she was a puppy (Fall 2022). Every time I go, I’m greeted by very friendly receptionists who clearly love animals. They have cared for her with a few minor conditions, and even did her spaying procedure. She has no scarring from the procedure, and they were very gentle and loving towards her. They were nice and lighthearted when handling her spay, calling it “her big day” and excellent at easing my nerves as a first-time pet owner. The receptionists adored her and draw her for me on her medication bag, which I thought was a very sweet and thoughtful touch. They even held her a bit after typical hours so that I had time to get there after work back in Feb 2023. They always have appointments available within the week at the very least. Both Dr. Brons and Dr. Groundwater are very kind. I’m very happy with their service. Would recommend to first-time dog owners or anyone looking for friendly faces to care for your pets!",en,Jennifer Bell,https://www.google.com/maps/contrib/117934509799765602253/reviews,2024-12-13T01:08:18.770373Z
ChIJj_m85hi1j4ARJ5soqyf-_KA,places/ChIJj_m85hi1j4ARJ5soqyf-_KA/reviews/ChZDSUhNMG9nS0VJQ0FnSURQLTlfbFlnEAE,5,"The entire staff at West Valley Pet Clinic is amazing! Over the years, I have received timely, kind, and efficient care for my dear Bella. There were a couple of times when Bella was really sick and they worked her into the schedule. The team does a great job of follow-up to ensure she is doing well.",en,Sally Duplantier,https://www.google.com/maps/contrib/104115179275917095496/reviews,2024-12-06T00:21:28.004162Z
ChIJj_m85hi1j4ARJ5soqyf-_KA,places/ChIJj_m85hi1j4ARJ5soqyf-_KA/reviews/Ci9DQUlRQUNvZENodHljRjlvT21GdFdUWkxRV1F3YjFaNGMweGpUV28wT0VObldFRRAB,1,"I wish there were zero star.  If you are looking for a compassionate care, especially sick pets, run far away from this clinic.  Both the Vet and the staff are at fault because the messages were either not relayed to the doctor or the doctor totally ignore them or don't care, or don't have a good system of follow up and patient communication.  I don't know how this clinic got a 4.8 overall star, probably before Dr. Eric got on board because he was the worst VET I have ever met, not to mention he was also my personal friend.  My cat Coco fell through the crack under his care and DIED because he failed to diagnose her condition sooner and asked us to take her to the hospital right away when her body weight was already 50% of her original weight.  His answer was he took the blood test and was waiting to find the result?? I gave him the story of all the signs of kidney failure even 4 months ago.  He couldn't assess it clinically, and always had to rely on lab result?? His documentation were all incorrect also;  her weight initially was 11 lbs, and he recorded as 9 lbs, so when she lost her weight to 7 lbs, he said only 2 lbs, so no concern?? Even though I told him she had been peeing outside the litter box, and not eating much.   I am not a VET, so how am I supposed to know these could be the signs of kidney failure, and if you put that together with weight loss, he was not concerned?  or gave me any warning signs to look out for?? I messaged the clinic about my concern in May 2025, and apparently someone did see my message and replied to me and said that he/she will forward that message to Dr. Eric.  I never received any phone calls, texts, or emails back.  Not mentioning any concerns over the symptoms I reported to him, I thought maybe it was ok.  Now 4 months later, I brought her back to him because she lost another 3 lbs, and yet he did not show any concerns whatsoever, and never mentioned she may have ""kidney disease"". Given that she lost 50% of her weight, from 11 lbs to 6 lbs, he sent her home, and just wait for the lab result which he said he will call me the next day, but he did not call me until 2 days later with an alarming high creatinine,  an imminent kidney failure!! We rushed her to SAGE Vet hospital, where the Vet there already was recommending me to take her down the very first day.  We waited a few more days, and went back for follow up visits at SAGE, and were told repeatedly to put her down.  We finally did, during  all confusion and sadness which I regretted and went through a very painful and traumatic experience of putting her down.  Dr. Eric did not even call me until 4 days after she died and acted as if he did not know anything about the message I sent 4 months ago about my concerns.  He said emails get mixed up and buried??? Don't they have a reliable system of communicating with the patients?  He said he will investigate about that and let me know, but I never received any calls or emails back now it's a week already.   What?  your emails got buried?? I even asked the staff again before all this happened the second time, and no response from the staff either.  The nurse was even ""joking"" about how skinny Coco was that she could just slip the collar right off.  Was that funny?? How insensitive and uncaring, and lack of empathy!
I am now going through PTSD, post-traumatic stress disorder, waking up in the middle of night with anxiety, depression, and going through therapy with a psychiatrist.  I cannot forget the eyes of Coco begging to live.  This is the most painful experience I have ever had in my life.
Stay away from this clinic if you want your pet to live.
No pet parent or pet should have to live through this, EVER.
I am now left with over $10k of vet bill and a DEAD CAT, and a broken heart that will never heal.

Maureen",en,Maureen Khoo,https://www.google.com/maps/contrib/111497661452879116747/reviews,2025-10-10T00:56:21.038466640Z
ChIJj_m85hi1j4ARJ5soqyf-_KA,places/ChIJj_m85hi1j4ARJ5soqyf-_KA/reviews/ChZDSUhNMG9nS0VJQ0FnSUM2OE9uSFJ3EAE,5,Experience was perfect! I love this clinic . Staff could not be nicer and more caring. Dr. Danielle Olsen takes care of my 14 year old greyhound and my cranky 8 year old cat and she really loves them and treats them like they were her own .  I trust her 200%! We have been seen by all the other vets as well and they are all top notch!,en,Ken Leiboff,https://www.google.com/maps/contrib/114952762460131596778/reviews,2021-08-28T19:34:33.764356Z
ChIJ9yrTRIAyjoARgKFudeBFQ5I,places/ChIJ9yrTRIAyjoARgKFudeBFQ5I/reviews/Ci9DQUlRQUNvZENodHljRjlvT21aWVVUTk9jekpxTVhKbU1VVnpOVUpZVGtkS2JrRRAB,5,"We moved 8 years ago and needed a new vet. I read positive reviews of Evergreen so we brought our cat in to see Dr. Scott, whom we love. I am sure the other vets there are great also. Our cat is very docile with Dr.  Scott, no drama! Dr. works I believe 3 days but call to check. The staff are very nice and I never wait super long. So far our cat is a healthy senior and the only procedure we had them do was teeth cleaning and 3 extractions that were needed 7 years ago.  Dr. Scott just saw her last week and said all the teeth looked good! She is patience, understanding and listens to one’s concerns. The cost of services have always seemed fair, not that I have really compared.
Cost is always a consideration when owning a pet but Dr. Scott will discuss pros and cons so you make the final choice. I highly recommend Evergreen for your fur babies! Photos: Our kitty on the scale very relaxed and Dr. Scott (leaning out of photo) did burrito wrap, to take her for a quick poke, her yearly blood test.",en,Jim & Linda Koski,https://www.google.com/maps/contrib/116404124026068365920/reviews,2025-09-18T03:19:29.973857386Z
ChIJ9yrTRIAyjoARgKFudeBFQ5I,places/ChIJ9yrTRIAyjoARgKFudeBFQ5I/reviews/Ci9DQUlRQUNvZENodHljRjlvT2xveVdXNURNM2RKYURCUFVtbElSM2Q0T0VKTE1IYxAB,5,"Friendly desk staff, knowledge Veterinarian. Our 10 year chewini lost his vision in a few day's time. The compassionate health check, was just what we needed. The diagnosis was clearly explained. The treatment options were kind, not pushy, just straight forward. We declined the second option, and felt respected, without any judgemental attitude, or sales push. The love and empathy for our baby-dog and our situation was truly appreciated.",en,Heidi Green,https://www.google.com/maps/contrib/101838758217747521212/reviews,2025-10-16T23:28:04.284858842Z
ChIJ9yrTRIAyjoARgKFudeBFQ5I,places/ChIJ9yrTRIAyjoARgKFudeBFQ5I/reviews/Ci9DQUlRQUNvZENodHljRjlvT2paTlEzaGpjRXN4ZWtSUllqTXlUM2xzUVVodU0zYxAB,5,"New Dr.  I really liked how she cared for my baby girl.  Took her time, and was very thorough.",en,Terry Rubio,https://www.google.com/maps/contrib/106896578972816170844/reviews,2025-10-31T22:30:02.577188510Z
ChIJ9yrTRIAyjoARgKFudeBFQ5I,places/ChIJ9yrTRIAyjoARgKFudeBFQ5I/reviews/Ci9DQUlRQUNvZENodHljRjlvT25kS1JsbHNPSEpTVERoSVVGTk5UVmszZVZWMFlsRRAB,5,"When I called in, Sue answered; she was so friendly and sympathetic to my senior cat’s scratching, licking, and biting situation and was able to fit her in for a same-day appointment.  Upon arrival they were ready for us!  We were taken to an exam room rather quickly where my lil’ ol’ gal was examined and received excellent care from Dr. Wilson and her team including exam, lab work, blood pressure, Solencia injection and administration of treatment. They were thorough and communicative and realistic about courses of treatment and we worked to come up with a plan that works for me and was within my budget.  And at the end, Sue even popped her head in the exam room to say hi and meet both me and my lil’ ol’ girl; what a sweetheart!
Truly a super pleasant experience from beginning to end and while I’d love to ‘gate keep’ this spot, I have to give them a 10/10  recommendation!",en,andrea hightower,https://www.google.com/maps/contrib/106382432345405649644/reviews,2025-11-15T21:40:16.157869235Z
ChIJ9yrTRIAyjoARgKFudeBFQ5I,places/ChIJ9yrTRIAyjoARgKFudeBFQ5I/reviews/Ci9DQUlRQUNvZENodHljRjlvT25rMVNsSkdjRmRVV1hFMWVpMVFOek16Ym1WTmMyYxAB,2,"I was here a couple weeks back and had the worst experience. Mind you I’ve brought my cat here last year and the 2 receptionists were so nice! (Salt and pepper hair and the petite lady) were the best! Anyways I came in I want to say the 30th of last month and I simply asked if my cat could possibly get flea medication because we have a problem and I didn’t want to bring him in at the chance of spreading the fleas. I also tried to see if there was anyway to help my 2 little dogs that I haven’t brought in before (which I knew there was a chance they wouldn’t help me but, I thought I’d ask.) And the brunette woman behind the counter was extremely rude! Didn’t say hi just said, “what’s the animals name.” I was taken a back but proceeded to give the information she needed and she said, “can’t help you he’s overdo and can’t help your dogs anything else?” I was trying so hard not to pop off and just walked out because I won’t be coming back here again. Thank you to the doctor and the vet tech that helped me last year (shorter female doctor and the vet tech was a tall lady with glasses) I will miss you guys greatly.",en,Dannie C.,https://www.google.com/maps/contrib/107926267143979638685/reviews,2026-01-08T17:47:18.435300530Z
ChIJ_8B03C3Lj4ARJGN6JD0u3oE,places/ChIJ_8B03C3Lj4ARJGN6JD0u3oE/reviews/Ci9DQUlRQUNvZENodHljRjlvT2tKSE4wVndSMmxyUjJKYWIydEJVMWxyYzJkUE9FRRAB,5,"We really appreciate Dr. Solomon’s guidance, detailed explanation, and attentive care for our bunny. She explained specifically before every step which helps us better understand the situation for the quick decision. She also points out the potential risks, benefits, and other options considering the pet’s health and our concerns.

We really appreciate her and whole team’s support for making our bunny feel more comfortable. Honestly, it is so lucky to have someone who is honest, kind, and professional in the perspective of patients. To be frank, it’s not economic option for the emergency situation, but definitely deserves to try to care our bunny here.

Again, thanks to Dr. Solomon’s kindness, we make a right decision to our bunny. BunBun is so lucky, so does our family.",en,Angel Hou,https://www.google.com/maps/contrib/106740101077288811112/reviews,2025-12-06T17:10:41.987374595Z
ChIJ_8B03C3Lj4ARJGN6JD0u3oE,places/ChIJ_8B03C3Lj4ARJGN6JD0u3oE/reviews/Ci9DQUlRQUNvZENodHljRjlvT25CTlRIbE5RbFpZTmtWd2VsZHFiRU51VHpseU1YYxAB,5,"We are so grateful to this amazing vet team for taking such great care of our cat, Baby Boy (Aboi). Thanks to their care and attention, he recovered so quickly, which meant the world to us.

A special thank-you to Dr. Sana Banaeianzadeh, who made sure Aboi was truly ready and in good condition before sending him home. She was incredibly kind, thorough, and reassuring throughout the process.

She even sent us home with two jars of baby food to help him regain his appetite — such a thoughtful and caring gesture that really shows how much she cares about her patients.

We couldn’t be more thankful and highly recommend this clinic to anyone looking for compassionate, attentive veterinary care.",en,Me Time Expert,https://www.google.com/maps/contrib/103019184204437811105/reviews,2025-12-26T19:15:30.803946164Z
ChIJ_8B03C3Lj4ARJGN6JD0u3oE,places/ChIJ_8B03C3Lj4ARJGN6JD0u3oE/reviews/Ci9DQUlRQUNvZENodHljRjlvT2t0UlpFMUNTM0JtV0ZCa1FrdGhUamRmZFROUFprRRAB,5,I brought my baby Pola yesterday due to her having an allergic reaction to a new medication she got. Dr Khan and everyone on staff that assisted were amazing and did a great job of taking care of her. I was well informed on everything that was going on and her plan of care and was able to see her get treated and get better. I’m very thankful to have her back home with me and she’s also happy to be home too lol !,en,stephanie torres,https://www.google.com/maps/contrib/101206303012896697188/reviews,2026-01-04T11:30:51.605274888Z
ChIJ_8B03C3Lj4ARJGN6JD0u3oE,places/ChIJ_8B03C3Lj4ARJGN6JD0u3oE/reviews/Ci9DQUlRQUNvZENodHljRjlvT2xwNGNUaExWRmhRTVdWd1IzTTRaSGxCVldkTlptYxAB,5,"I brought my dog to VEG hospital last Sunday because she had uncontrolled diarrhea, was vomiting, not eating, and was really lethargic. In just 24 hours of being with them, she got so much better. She started eating like crazy, her diarrhea was under control, and she stopped vomiting.

She was supposed to stay for 36 hours, and that’s what we originally paid for, but they told us we could already take her home at the 24-hour mark. They even refunded us for the remaining 12 hours she didn’t need. This hospital isn’t after your money.

They’re so professional, trustworthy, and honest with their work. They really know what they’re doing and they explain everything so well.

Big thanks to Dr. Molly, Dr. Sana, Dr. Lee and Dr. Kelly for taking such great care of my pets, Mallows and Muffin.

Rating: 10 out of 10 ❤️",en,Renz Honey Rodriguez,https://www.google.com/maps/contrib/111887137310087236334/reviews,2025-11-27T09:53:41.236202616Z
ChIJ_8B03C3Lj4ARJGN6JD0u3oE,places/ChIJ_8B03C3Lj4ARJGN6JD0u3oE/reviews/Ci9DQUlRQUNvZENodHljRjlvT2t4RVpUaHBWV3BVZDFkWlkyMTJTVkJ2WlROR2VHYxAB,5,"I recently visited VEG San Jose for a recheck after my initial visit at VEG Palo Alto, and I couldn’t be happier with the experience. Dr. Sana and Evan did a wonderful job taking care of my dog. The whole team made me feel comfortable and reassured throughout the visit.

What I really appreciated was that they gave me reasonable suggestions and advice without being pushy. They explained options clearly and even provided a second plan so I could make the best choice for my dog. Dr. Sana is incredibly professional with a warm heart, and Evan has such a chill, easy-going way that really helped my dog relax.

Overall, the VEG San Jose team made the recheck visit smooth and stress-free. I’m very grateful for their care and highly recommend them!",en,Stacey Tominaga,https://www.google.com/maps/contrib/110270682258535100778/reviews,2025-09-06T01:48:51.278004735Z
ChIJDwspf1PLj4ARRY0O2SdGCao,places/ChIJDwspf1PLj4ARRY0O2SdGCao/reviews/Ci9DQUlRQUNvZENodHljRjlvT25KVWRERkplbTFOUkRsVFMyUjRXV1pQZVVGamNGRRAB,5,Dr. Nagel is wonderful. The kindest vet I have ever met. The staff is very helpful. They squeezed me in without an appointment. They really made me feel like a priority.,en,Denice Vaughn,https://www.google.com/maps/contrib/111661819365359263476/reviews,2025-08-21T18:26:19.658306607Z
ChIJDwspf1PLj4ARRY0O2SdGCao,places/ChIJDwspf1PLj4ARRY0O2SdGCao/reviews/Ci9DQUlRQUNvZENodHljRjlvT2xWM2NURllVVVF0UlcxR2RUZEhMV1J3YVU5YWVtYxAB,5,"The folks at Lincoln Ave Vet Clinic are all top notch. The doctors are extremely compassionate and knowledgeable and the support staff are all professionals of the highest tier. I have gone there for decades and always trust I will be in their capable hands.  In addition to excellent service, they are also extremely affordable. Thank you!",en,Andrew Fitzgerald,https://www.google.com/maps/contrib/116577028908546986638/reviews,2025-10-07T00:05:43.532764926Z
ChIJDwspf1PLj4ARRY0O2SdGCao,places/ChIJDwspf1PLj4ARRY0O2SdGCao/reviews/Ci9DQUlRQUNvZENodHljRjlvT213emR6QlNkRGh0WjB4Q2NpMHRhbWczUzJkRFgwRRAB,5,"Lincoln Avenue Veterinary Clinic is the best!  They've taken wonderful care of our many dogs and cat over the past 20 years. The doctors are always caring, knowledgeable and kind.  The front desk and tech teams are also very kind and helpful. I can't recommend this clinc more highly!",en,Jeff Holden,https://www.google.com/maps/contrib/111397298181657180954/reviews,2025-09-05T16:30:09.311381348Z
ChIJDwspf1PLj4ARRY0O2SdGCao,places/ChIJDwspf1PLj4ARRY0O2SdGCao/reviews/Ci9DQUlRQUNvZENodHljRjlvT2xNMVpsVllOVkpZVm0wNWJGUk9kVVJYYm5kUWJuYxAB,5,We have gone to Lincoln Avenue Vet clinic for nearly two decades now. All of our dogs have always been excited to go there - which speaks volumes to the love and respect they have for animals. Service has always been great and pricing extremely fair.,en,Mark Scrivener,https://www.google.com/maps/contrib/104654964058107514451/reviews,2025-11-12T18:05:59.084351865Z
ChIJDwspf1PLj4ARRY0O2SdGCao,places/ChIJDwspf1PLj4ARRY0O2SdGCao/reviews/Ci9DQUlRQUNvZENodHljRjlvT21WQ1ZrOW1UWFprTFdscVJXZzFVWEZITURGbU9VRRAB,5,"Dr.'s and Staff are fantastic! We have been going here for many years and everyone has always been very courteous, helpful, and provided excellent care & grooming for our Saint Bernards and Golden Doodle currently.  We trust them emphatically!",en,Dave Jacobson,https://www.google.com/maps/contrib/115617531815044288391/reviews,2025-08-27T21:47:26.171367619Z
ChIJlxtVEO0xjoAR0Ty1IRh8RJk,places/ChIJlxtVEO0xjoAR0Ty1IRh8RJk/reviews/Ci9DQUlRQUNvZENodHljRjlvT21kR1FtazVWVFJZTlRSdWQwdFBUWE00ZDNaTVZWRRAB,5,"I took my cat of 12 years here
He was struggling with heart failure, and liver. Unfortunately, I had to make the hard decision to put him down due to his Help. This team was super supportive, kind, and loving.
I highly recommend this place. These are compassionate people and price is reasonable.",en,Ann Garcia,https://www.google.com/maps/contrib/112896560557645427083/reviews,2026-01-08T04:20:35.154564208Z
ChIJlxtVEO0xjoAR0Ty1IRh8RJk,places/ChIJlxtVEO0xjoAR0Ty1IRh8RJk/reviews/Ci9DQUlRQUNvZENodHljRjlvT2taRldVZDRiMkV4Um5seVZGaHRVRVpNUjNsbFpHYxAB,1,"Gurvinder Bath does not care about the well-being of your pet, and this has become extremely clear through my family's experience with him.

At the end of 2023, we found out my dog had a cancerous growth on her back. On January 10th, 2024, the growth was removed. The doctor explained at the time that fatty tissue was placed where the tumor had been to protect her spine. Since then, my dog has had a bump in that same spot. We were always told this was normal and simply the fatty tissue that they had put there.

When we took her in during summer 2024, we were told again that it was fine — just inflammation — nothing more. Fast forward to now, September 2025, and suddenly we are being told for the first time that the fatty tissue was supposed to dissipate, and that it’s “not surprising” her cancer has come back because this type of cancer is “very common.” This was never communicated to us before. We were only ever told to “monitor for new growths,” but never that this type of cancer often reoccurs or that we should be particularly concerned about the same spot.

To make matters worse, at her most recent checkup, the doctor was nearly finished with the examination without even touching or checking the very obvious bump on her back (the site of the previous cancer). It was only because my dad specifically pointed it out that the doctor finally looked at it. Considering we were taking her in for a full body checkup, the fact that part of her body wasn’t even examined until we specifically pointed it out is extremely concerning.

When I expressed my frustration over this new information, the doctor’s response was literally: “Well, it’s cancer, cancer comes back.” That kind of dismissive attitude is incredibly hurtful, especially when I was simply trying to advocate for our dog’s health.

This situation feels like information was withheld. If we had been told the cancer was likely to return, we would have been more proactive and vigilant. Instead, we were reassured over and over again that the bump was “just fatty tissue.” Now I’m left wondering if my other dog, who recently passed away from cancer under this clinic’s care, also suffered because of miscommunication or lack of transparency.

I am extremely disappointed. As pet owners, we place our dogs’ health and well-being in the hands of veterinarians, trusting them to give us the complete picture immediately—not to make us wait over a year for important information. Clear communication and thorough examinations could have made a tremendous difference for us and for our dogs.",en,kelly lara,https://www.google.com/maps/contrib/115647460947713106435/reviews,2025-09-18T21:08:42.452240897Z
ChIJlxtVEO0xjoAR0Ty1IRh8RJk,places/ChIJlxtVEO0xjoAR0Ty1IRh8RJk/reviews/ChdDSUhNMG9nS0VJQ0FnTUNRd0pxMXZ3RRAB,5,Been taking my Bullies and Siba here for the past 4 Years! Been so grateful to have a friendly staff! They really know how to handle my skittish shiba-inu. My Pits love seeing the crew here and it’s been a good experience overall. My pet insurance loves working with these types of small clinics no issue on that side either!,en,SJ Mobile Auto Spa,https://www.google.com/maps/contrib/109014038442838476565/reviews,2025-03-01T01:53:02.827410Z
ChIJlxtVEO0xjoAR0Ty1IRh8RJk,places/ChIJlxtVEO0xjoAR0Ty1IRh8RJk/reviews/Ci9DQUlRQUNvZENodHljRjlvT2pJdFFVNXhiREV3Y21oUlpWSTVXVTFzV0dOTE1FRRAB,1,"My cat Mittens has been sneezing all her life and is now bleeding from her nose. We have gone back and fourth trying to find the solution and the best you guys can do is give her FLUIDS. That’s not a solution you keep charging us for vet visits with end in sight.

I hope my cat doesn’t die because of your negligence",en,Flat Mars Society,https://www.google.com/maps/contrib/104522989229436324218/reviews,2025-10-29T20:29:53.201515828Z
ChIJlxtVEO0xjoAR0Ty1IRh8RJk,places/ChIJlxtVEO0xjoAR0Ty1IRh8RJk/reviews/Ci9DQUlRQUNvZENodHljRjlvT2pnelZIZFVRVU5hZEZwSGFYUTFhbXhVU2xGNlRtYxAB,1,"Gurvinder Bath is using people for their money and not actually providing thorough care for their pets.

Yesterday I brought my dog in for a checkup that lasted less than five minutes. He barely looked at her and tried to send her out without even examining the very obvious bump on her back or checking her body properly. The only reason the appointment went longer is because I pointed out two things he had completely ignored. When I called out how poor the exam was, he brushed me off and said it was a “normal routine checkup.” That is not a checkup — it’s taking people’s money without doing the work.

Today, I went back to request a refund and to get both of my dogs’ full medical records. Instead of being professional, the staff gave me a hard time. One front desk worker with a lip piercing laughed throughout the entire situation, which was incredibly disrespectful.

At first, they only gave me a summary, even though I had clearly asked for the full records. After I pushed, they finally gave them to me — but it was obvious the files had been altered. Everything was printed, but there were pen markings on the pages. They stalled, wasted two hours of my time, and when I asked for Gurvinder Bath’s veterinary license number, he himself refused to provide it.

Regarding the refund, they initially said they would provide it, but then told me there was no way to process it because their system wouldn’t allow it. They offered no alternative solution and seemed to expect me to just accept that. After at least an hour of going back and forth with them, they finally gave me the refund in cash.

To make matters worse, his business card is not displayed anywhere in the office. I asked countless times for one and was either ignored or flat-out refused each time. What’s even more concerning is that there was another veterinarian’s card on display — but not his.

This entire experience makes it clear that Gurvinder Bath and his staff care more about money than about honesty, professionalism, or the well-being of the animals they are supposed to treat. If you love your pet, do not take them here.",en,Christopher Lara,https://www.google.com/maps/contrib/112651866839117716744/reviews,2025-09-20T03:45:07.184045859Z
